dice_mean,dice_lv,dice_rv,dice_myo
92.95858467276797,95.6164383561648,91.81290843674338,91.4464072253957
